VGG11,VGG16,VGG19
192.58787536621094,324.7895498275757,371.46658754348755
