VGG11,VGG16,VGG19
54.85318275200001,75.42337648900002,90.29467399
