VGG11,VGG16,VGG19
81.18400207,113.244579867,138.59692181499997
