VGG11,VGG16,VGG19
221.29652667045593,388.86646485328674,498.43166518211365
