VGG11,VGG16,VGG19
203.6299090385437,304.01198506355286,395.74682903289795
