,VGG11,VGG16,VGG19
Kaggle (P100),68.1962456703186,144.7200961112976,118.53182411193848
