,VGG11,VGG16,VGG19
M1 (GPU),202.0807991027832,315.18058609962463,365.8893949985504
