,VGG11,VGG16,VGG19
M1 (GPU),201.90995407104492,307.25208282470703,380.9743378162384
